numero_declaration,date_declaration,date_envoi_mail_info,date_envoi_mail_relance,date_prorogation,statut_actif,date_desactivation,id_declarant,guid,Civilite_declarant,nom_declarant,prenom_declarant,adresse_mail_declarant,adresse_declarant,cp_declarant,ville_declarant,Pays_declarant,societe_declarant,numero_siret_declarant,id_declaration,id_demande_guichet,compte_parisien,Type_residence,totalite_local,numero_voirie,indice_repetition,adresse_meuble,gps_meuble,id_poi_adresse_meuble,cp_meuble,etage,batiment,escalier,numero_appart,numero_invariant,nombre_pieces,nombre_lits,partie_local,date_classement,Niveau_classement,autre_reconnaissance,code_rivoli,adresseNormalise,Identification_parcelle,Quartier,IDBA
7510100000001,05/01/2023,06/01/2023,,,true,,1,a1b2c3d4-e5f6-7890-1234-567890aaaaaa,Monsieur,BERTRAND,Paul,paul.bertrand@example.com,5 rue de la Paix,75002,PARIS,France,,11111111111111,1,111111,true,Principale,true,5,,5 rue de la Paix,,,75002,2,,A,1,,2,2,true,10/01/2023,3 étoiles,,1001,5 RUE DE LA PAIX,751020AA0001,2,10001
7510100000002,12/01/2023,13/01/2023,,,true,,2,b2c3d4e5-f6a7-8901-2345-67890bbbbb,Madame,ROUX,Alice,alice.roux@example.com,15 avenue Montaigne,75008,PARIS,France,,22222222222222,2,222222,true,Secondaire,true,15,,15 avenue Montaigne,,,75008,4,,B,2,,3,4,true,15/02/2023,4 étoiles,Label Qualité,2002,15 AVENUE MONTAIGNE,751080BB0002,8,20002
7510100000003,20/01/2023,21/01/2023,,,true,,3,c3d4e5f6-a7b8-9012-3456-7890ccccccc,Monsieur,LECLERC,Thomas,thomas.leclerc@example.com,20 rue du Louvre,75001,PARIS,France,,33333333333333,3,333333,true,Principale,true,20,,20 rue du Louvre,,,75001,1,,C,3,,1,1,true,,Non classé,,3003,20 RUE DU LOUVRE,751010CC0003,1,30003
7510100000004,28/01/2023,29/01/2023,,,true,,4,d4e5f6a7-b8c9-0123-4567-890ddd,Madame,MOREAU,Julie,julie.moreau@example.com,30 rue de Rivoli,75004,PARIS,France,,44444444444444,4,444444,true,Secondaire,true,30,,30 rue de Rivoli,,,75004,3,,D,4,,2,3,true,01/03/2023,5 étoiles,Paris Charmes,4004,30 RUE DE RIVOLI,751040DD0004,4,40004
7510100000005,05/02/2023,06/02/2023,,,true,,5,e5f6a7b8-c9d0-1234-5678-90000e,Monsieur,FOURNIER,Lucas,lucas.fournier@example.com,40 avenue de l'Opéra,75009,PARIS,France,,55555555555555,5,555555,true,Principale,true,40,,40 avenue de l'Opéra,,,75009,5,,E,5,,4,5,true,15/03/2023,4 étoiles,,5005,40 AVENUE DE L OPERA,751090EE0005,9,50005
7510100000006,12/02/2023,13/02/2023,,,true,,6,f6a7b8c9-d0e1-2345-6789-0fffff,Madame,CHEVALIER,Sophie,sophie.chevalier@example.com,50 rue Montmartre,75002,PARIS,France,,66666666666666,6,666666,true,Secondaire,true,50,,50 rue Montmartre,,,75002,2,,F,6,,2,3,true,20/03/2023,3 étoiles,Qualité Paris,6006,50 RUE MONTMARTRE,751020FF0006,2,60006
7510100000007,20/02/2023,21/02/2023,,,true,,7,a7b8c9d0-e1f2-3456-7890-77777g,Monsieur,GARCIA,Antoine,antoine.garcia@example.com,60 boulevard Haussmann,75009,PARIS,France,,77777777777777,7,777777,true,Principale,true,60,,60 boulevard Haussmann,,,75009,6,,G,7,,3,4,true,,Non classé,,7007,60 BOULEVARD HAUSSMANN,751090GG0007,9,70007
7510100000008,28/02/2023,01/03/2023,,,true,,8,b8c9d0e1-f2a3-4567-8901-88888h,Madame,DUPUIS,Manon,manon.dupuis@example.com,70 rue de Rennes,75006,PARIS,France,,88888888888888,8,888888,true,Secondaire,true,70,,70 rue de Rennes,,,75006,4,,H,8,,2,3,true,05/04/2023,4 étoiles,Paris Prestige,8008,70 RUE DE RENNES,751060HH0008,6,80008
7510100000009,05/03/2023,06/03/2023,,,true,,9,c9d0e1f2-a3b4-5678-9012-99999i,Monsieur,LAMBERT,Hugo,hugo.lambert@example.com,80 avenue des Ternes,75017,PARIS,France,,99999999999999,9,999999,true,Principale,true,80,,80 avenue des Ternes,,,75017,7,,I,9,,4,5,true,10/04/2023,5 étoiles,,9009,80 AVENUE DES TERNES,751170II0009,17,90009
7510100000010,12/03/2023,13/03/2023,,,true,,10,d0e1f2a3-b4c5-6789-0123-00000j,Madame,GILLET,Chloé,chloe.gillet@example.com,90 rue de Belleville,75020,PARIS,France,,10101010101010,10,101010,true,Secondaire,true,90,,90 rue de Belleville,,,75020,3,,J,10,,2,3,true,15/04/2023,3 étoiles,Paris Confort,1010,90 RUE DE BELLEVILLE,751200JJ0010,20,10010
7510100000011,20/03/2023,21/03/2023,,,true,,11,e1f2a3b4-c5d6-7890-1234-11111k,Monsieur,FABRE,Nathan,nathan.fabre@example.com,100 rue de Richelieu,75002,PARIS,France,,12121212121212,11,121212,true,Principale,true,100,,100 rue de Richelieu,,,75002,5,,K,11,,4,5,true,,Non classé,,1111,100 RUE DE RICHELIEU,751020KK0011,2,11011
7510100000012,28/03/2023,29/03/2023,,,true,,12,f2a3b4c5-d6e7-8901-2345-22222l,Madame,BLANC,Camille,camille.blanc@example.com,110 avenue des Champs-Élysées,75008,PARIS,France,,13131313131313,12,131313,true,Secondaire,true,110,,110 avenue des Champs-Élysées,,,75008,2,,L,12,,2,3,true,20/04/2023,4 étoiles,Paris Séjour,1212,110 AVENUE DES CHAMPS ELYSEES,751080LL0012,8,12012
7510100000013,05/04/2023,06/04/2023,,,true,,13,a3b4c5d6-e7f8-9012-3456-33333m,Monsieur,CLEMENT,Louis,louis.clement@example.com,120 rue du Faubourg Saint-Honoré,75008,PARIS,France,,14141414141414,13,141414,true,Principale,true,120,,120 rue du Faubourg Saint-Honoré,,,75008,6,,M,13,,3,4,true,25/04/2023,5 étoiles,,1313,120 RUE DU FAUBOURG SAINT HONORE,751080MM0013,8,13013
7510100000014,12/04/2023,13/04/2023,,,true,,14,b4c5d6e7-f8a9-0123-4567-44444n,Madame,RENARD,Léa,lea.renard@example.com,130 rue de la Pompe,75016,PARIS,France,,15151515151515,14,151515,true,Secondaire,true,130,,130 rue de la Pompe,,,75016,4,,N,14,,2,3,true,30/04/2023,3 étoiles,Paris Détente,1414,130 RUE DE LA POMPE,751160NN0014,16,14014
7510100000015,20/04/2023,21/04/2023,,,true,,15,c5d6e7f8-a9b0-1234-5678-55555o,Monsieur,LEMAIRE,Arthur,arthur.lemaire@example.com,140 rue de Rivoli,75001,PARIS,France,,16161616161616,15,161616,true,Principale,true,140,,140 rue de Rivoli,,,75001,7,,O,15,,4,5,true,,Non classé,,1515,140 RUE DE RIVOLI,751010OO0015,1,15015
7510100000016,28/04/2023,29/04/2023,,,true,,16,d6e7f8a9-b0c1-2345-6789-66666p,Madame,PICARD,Emma,emma.picard@example.com,150 boulevard Saint-Germain,75006,PARIS,France,,17171717171717,16,171717,true,Secondaire,true,150,,150 boulevard Saint-Germain,,,75006,3,,P,16,,2,3,true,05/05/2023,4 étoiles,Paris Élégance,1616,150 BOULEVARD SAINT GERMAIN,751060PP0016,6,16016
7510100000017,05/05/2023,06/05/2023,,,true,,17,e7f8a9b0-c1d2-3456-7890-77777q,Monsieur,ROUSSEAU,Adam,adam.rousseau@example.com,160 avenue Victor Hugo,75016,PARIS,France,,18181818181818,17,181818,true,Principale,true,160,,160 avenue Victor Hugo,,,75016,5,,Q,17,,4,5,true,10/05/2023,5 étoiles,,1717,160 AVENUE VICTOR HUGO,751160QQ0017,16,17017
7510100000018,12/05/2023,13/05/2023,,,true,,18,f8a9b0c1-d2e3-4567-8901-88888r,Madame,GERARD,Clara,clara.gerard@example.com,170 rue de Vaugirard,75015,PARIS,France,,19191919191919,18,191919,true,Secondaire,true,170,,170 rue de Vaugirard,,,75015,2,,R,18,,2,3,true,15/05/2023,3 étoiles,Paris Calme,1818,170 RUE DE VAUGIRARD,751150RR0018,15,18018
7510100000019,20/05/2023,21/05/2023,,,true,,19,a9b0c1d2-e3f4-5678-9012-99999s,Monsieur,MARTIN,Gabriel,gabriel.martin@example.com,180 rue du Temple,75003,PARIS,France,,20202020202020,19,202020,true,Principale,true,180,,180 rue du Temple,,,75003,6,,S,19,,4,5,true,,Non classé,,1919,180 RUE DU TEMPLE,751030SS0019,3,19019
7510100000020,28/05/2023,29/05/2023,,,true,,20,b0c1d2e3-f4a5-6789-0123-00000t,Madame,THOMAS,Inès,ines.thomas@example.com,190 avenue de Wagram,75017,PARIS,France,,21212121212121,20,212121,true,Secondaire,true,190,,190 avenue de Wagram,,,75017,4,,T,20,,2,3,true,20/05/2023,4 étoiles,Paris Sérénité,2020,190 AVENUE DE WAGRAM,751170TT0020,17,20020
7510100000021,05/06/2023,06/06/2023,,,true,,21,c1d2e3f4-a5b6-7890-1234-11111u,Monsieur,BERNARD,Raphaël,raphael.bernard@example.com,200 rue de la Convention,75015,PARIS,France,,22222222222222,21,222222,true,Principale,true,200,,200 rue de la Convention,,,75015,7,,U,21,,4,5,true,25/05/2023,5 étoiles,,2121,200 RUE DE LA CONVENTION,751150UU0021,15,21021
7510100000022,12/06/2023,13/06/2023,,,true,,22,d2e3f4a5-b6c7-8901-2345-22222v,Madame,PETIT,Charlotte,charlotte.petit@example.com,210 rue Lafayette,75010,PARIS,France,,23232323232323,22,232323,true,Secondaire,true,210,,210 rue Lafayette,,,75010,3,,V,22,,2,3,true,30/05/2023,3 étoiles,Paris Douceur,2222,210 RUE LAFAYETTE,751100VV0022,10,22022
7510100000023,20/06/2023,21/06/2023,,,true,,23,e3f4a5b6-c7d8-9012-3456-33333w,Monsieur,ROBERT,Valentin,valentin.robert@example.com,220 boulevard Voltaire,75011,PARIS,France,,24242424242424,23,242424,true,Principale,true,220,,220 boulevard Voltaire,,,75011,5,,W,23,,4,5,true,,Non classé,,2323,220 BOULEVARD VOLTAIRE,751110WW0023,11,23023
7510100000024,28/06/2023,29/06/2023,,,true,,24,f4a5b6c7-d8e9-0123-4567-44444x,Madame,DURAND,Louise,louise.durand@example.com,230 rue de Tolbiac,75013,PARIS,France,,25252525252525,24,252525,true,Secondaire,true,230,,230 rue de Tolbiac,,,75013,2,,X,24,,2,3,true,05/06/2023,4 étoiles,Paris Harmonie,2424,230 RUE DE TOLBIAC,751130XX0024,13,24024
7510100000025,05/07/2023,06/07/2023,,,true,,25,a5b6c7d8-e9f0-1234-5678-55555y,Monsieur,MOREL,Maxime,maxime.morel@example.com,240 avenue de Saint-Ouen,75018,PARIS,France,,26262626262626,25,262626,true,Principale,true,240,,240 avenue de Saint-Ouen,,,75018,6,,Y,25,,4,5,true,10/06/2023,5 étoiles,,2525,240 AVENUE DE SAINT OUEN,751180YY0025,18,25025
7510100000026,12/07/2023,13/07/2023,,,true,,26,b6c7d8e9-f0a1-2345-6789-66666z,Madame,FOURNIER,Léa,lea.fournier@example.com,250 rue Oberkampf,75011,PARIS,France,,27272727272727,26,272727,true,Secondaire,true,250,,250 rue Oberkampf,,,75011,4,,Z,26,,2,3,true,15/06/2023,3 étoiles,Paris Rêve,2626,250 RUE OBERKAMPF,751110ZZ0026,11,26026
7510100000027,20/07/2023,21/07/2023,,,true,,27,c7d8e9f0-a1b2-3456-7890-77777aa,Monsieur,RENAUD,Clément,clement.renaud@example.com,260 rue du Faubourg Saint-Antoine,75012,PARIS,France,,28282828282828,27,282828,true,Principale,true,260,,260 rue du Faubourg Saint-Antoine,,,75012,7,,AA,27,,4,5,true,,Non classé,,2727,260 RUE DU FAUBOURG SAINT ANTOINE,751120AA0027,12,27027
7510100000028,28/07/2023,29/07/2023,,,true,,28,d8e9f0a1-b2c3-4567-8901-88888bb,Madame,LEFEVRE,Manon,manon.lefevre@example.com,270 rue de Belleville,75019,PARIS,France,,29292929292929,28,292929,true,Secondaire,true,270,,270 rue de Belleville,,,75019,3,,BB,28,,2,3,true,20/06/2023,4 étoiles,Paris Bonheur,2828,270 RUE DE BELLEVILLE,751190BB0028,19,28028
7510100000029,05/08/2023,06/08/2023,,,true,,29,e9f0a1b2-c3d4-5678-9012-99999cc,Monsieur,CARON,Théo,theo.caron@example.com,280 avenue Jean Jaurès,75019,PARIS,France,,30303030303030,29,303030,true,Principale,true,280,,280 avenue Jean Jaurès,,,75019,5,,CC,29,,4,5,true,25/06/2023,5 étoiles,,2929,280 AVENUE JEAN JAURES,751190CC0029,19,29029
7510100000030,12/08/2023,13/08/2023,,,true,,30,f0a1b2c3-d4e5-6789-0123-00000dd,Madame,DUBOIS,Océane,oceane.dubois@example.com,290 rue de Vaugirard,75015,PARIS,France,,31313131313131,30,313131,true,Secondaire,true,290,,290 rue de Vaugirard,,,75015,2,,DD,30,,2,3,true,30/06/2023,3 étoiles,Paris Plaisir,3030,290 RUE DE VAUGIRARD,751150DD0030,15,30030
7510100000031,20/08/2023,21/08/2023,,,true,,31,a1b2c3d4-e5f6-7890-1234-11111ee,Monsieur,LEROY,Enzo,enzo.leroy@example.com,300 rue du Commerce,75015,PARIS,France,,32323232323232,31,323232,true,Principale,true,300,,300 rue du Commerce,,,75015,6,,EE,31,,4,5,true,,Non classé,,3131,300 RUE DU COMMERCE,751150EE0031,15,31031
7510100000032,28/08/2023,29/08/2023,,,true,,32,b2c3d4e5-f6a7-8901-2345-22222ff,Madame,JOLY,Jade,jade.joly@example.com,310 avenue de Versailles,75016,PARIS,France,,33333333333333,32,333333,true,Secondaire,true,310,,310 avenue de Versailles,,,75016,4,,FF,32,,2,3,true,05/07/2023,4 étoiles,Paris Joie,3232,310 AVENUE DE VERSAILLES,751160FF0032,16,32032
7510100000033,05/09/2023,06/09/2023,,,true,,33,c3d4e5f6-a7b8-9012-3456-33333gg,Monsieur,BRUN,Ethan,ethan.brun@example.com,320 rue de la Convention,75015,PARIS,France,,34343434343434,33,343434,true,Principale,true,320,,320 rue de la Convention,,,75015,7,,GG,33,,4,5,true,10/07/2023,5 étoiles,,3333,320 RUE DE LA CONVENTION,751150GG0033,15,33033
7510100000034,12/09/2023,13/09/2023,,,true,,34,d4e5f6a7-b8c9-0123-4567-44444hh,Madame,GAUTHIER,Agathe,agathe.gauthier@example.com,330 rue Lecourbe,75015,PARIS,France,,35353535353535,34,353535,true,Secondaire,true,330,,330 rue Lecourbe,,,75015,3,,HH,34,,2,3,true,15/07/2023,3 étoiles,Paris Régal,3434,330 RUE LECOURBE,751150HH0034,15,34034
7510100000035,20/09/2023,21/09/2023,,,true,,35,e5f6a7b8-c9d0-1234-5678-55555ii,Monsieur,GIRAUD,Tom,tom.giraud@example.com,340 boulevard de Grenelle,75015,PARIS,France,,36363636363636,35,363636,true,Principale,true,340,,340 boulevard de Grenelle,,,75015,5,,II,35,,4,5,true,,Non classé,,3535,340 BOULEVARD DE GRENELLE,751150II0035,15,35035
7510100000036,28/09/2023,29/09/2023,,,true,,36,f6a7b8c9-d0e1-2345-6789-66666jj,Madame,LACROIX,Clémence,clemence.lacroix@example.com,350 rue de Vaugirard,75015,PARIS,France,,37373737373737,36,373737,true,Secondaire,true,350,,350 rue de Vaugirard,,,75015,2,,JJ,36,,2,3,true,20/07/2023,4 étoiles,Paris Délice,3636,350 RUE DE VAUGIRARD,751150JJ0036,15,36036
7510100000037,05/10/2023,06/10/2023,,,true,,37,a7b8c9d0-e1f2-3456-7890-77777kk,Monsieur,DUPONT,Leo,leo.dupont@example.com,360 rue de Javel,75015,PARIS,France,,38383838383838,37,383838,true,Principale,true,360,,360 rue de Javel,,,75015,6,,KK,37,,4,5,true,25/07/2023,5 étoiles,,3737,360 RUE DE JAVEL,751150KK0037,15,37037
7510100000038,12/10/2023,13/10/2023,,,true,,38,b8c9d0e1-f2a3-4567-8901-88888ll,Madame,ROYER,Lina,lina.royer@example.com,370 rue de Lourmel,75015,PARIS,France,,39393939393939,38,393939,true,Secondaire,true,370,,370 rue de Lourmel,,,75015,4,,LL,38,,2,3,true,30/07/2023,3 étoiles,Paris Doux,3838,370 RUE DE LOURMEL,751150LL0038,15,38038
7510100000039,20/10/2023,21/10/2023,,,true,,39,c9d0e1f2-a3b4-5678-9012-99999mm,Monsieur,RICHARD,Mathis,mathis.richard@example.com,380 rue de Vaugirard,75015,PARIS,France,,40404040404040,39,404040,true,Principale,true,380,,380 rue de Vaugirard,,,75015,7,,MM,39,,4,5,true,,Non classé,,3939,380 RUE DE VAUGIRARD,751150MM0039,15,39039
7510100000040,28/10/2023,29/10/2023,,,true,,40,d0e1f2a3-b4c5-6789-0123-00000nn,Madame,GARNIER,Eva,eva.garnier@example.com,390 rue de la Croix Nivert,75015,PARIS,France,,41414141414141,40,414141,true,Secondaire,true,390,,390 rue de la Croix Nivert,,,75015,3,,NN,40,,2,3,true,05/08/2023,4 étoiles,Paris Charmeur,4040,390 RUE DE LA CROIX NIVERT,751150NN0040,15,40040
7510100000041,05/11/2023,06/11/2023,,,true,,41,e1f2a3b4-c5d6-7890-1234-11111oo,Monsieur,FAURE,Maxence,maxence.faure@example.com,400 rue de Vaugirard,75015,PARIS,France,,42424242424242,41,424242,true,Principale,true,400,,400 rue de Vaugirard,,,75015,5,,OO,41,,4,5,true,10/08/2023,5 étoiles,,4141,400 RUE DE VAUGIRARD,751150OO0041,15,41041
7510100000042,12/11/2023,13/11/2023,,,true,,42,f2a3b4c5-d6e7-8901-2345-22222pp,Madame,FERNANDES,Sarah,sarah.fernandes@example.com,410 rue de la Convention,75015,PARIS,France,,43434343434343,42,434343,true,Secondaire,true,410,,410 rue de la Convention,,,75015,2,,PP,42,,2,3,true,15/08/2023,3 étoiles,Paris Paisible,4242,410 RUE DE LA CONVENTION,751150PP0042,15,42042
7510100000043,20/11/2023,21/11/2023,,,true,,43,a3b4c5d6-e7f8-9012-3456-33333qq,Monsieur,DA SILVA,Hugo,hugo.dasilva@example.com,420 rue de Vaugirard,75015,PARIS,France,,44444444444444,43,444444,true,Principale,true,420,,420 rue de Vaugirard,,,75015,6,,QQ,43,,4,5,true,,Non classé,,4343,420 RUE DE VAUGIRARD,751150QQ0043,15,43043
7510100000044,28/11/2023,29/11/2023,,,true,,44,b4c5d6e7-f8a9-0123-4567-44444rr,Madame,MARTINEZ,Sofia,sofia.martinez@example.com,430 rue de la Croix Nivert,75015,PARIS,France,,45454545454545,44,454545,true,Secondaire,true,430,,430 rue de la Croix Nivert,,,75015,4,,RR,44,,2,3,true,20/08/2023,4 étoiles,Paris Repos,4444,430 RUE DE LA CROIX NIVERT,751150RR0044,15,44044
7510100000045,05/12/2023,06/12/2023,,,true,,45,c5d6e7f8-a9b0-1234-5678-55555ss,Monsieur,DUPUY,Lucas,lucas.dupuy@example.com,440 rue de Vaugirard,75015,PARIS,France,,46464646464646,45,464646,true,Principale,true,440,,440 rue de Vaugirard,,,75015,7,,SS,45,,4,5,true,25/08/2023,5 étoiles,,4545,440 RUE DE VAUGIRARD,751150SS0045,15,45045
7510100000046,12/12/2023,13/12/2023,,,true,,46,d6e7f8a9-b0c1-2345-6789-66666tt,Madame,BERGE,Anna,anna.berge@example.com,450 rue Lecourbe,75015,PARIS,France,,47474747474747,46,474747,true,Secondaire,true,450,,450 rue Lecourbe,,,75015,3,,TT,46,,2,3,true,30/08/2023,3 étoiles,Paris Zen,4646,450 RUE LECOURBE,751150TT0046,15,46046
7510100000047,20/12/2023,21/12/2023,,,true,,47,e7f8a9b0-c1d2-3456-7890-77777uu,Monsieur,GUILLOT,Tom,tom.guillot@example.com,460 boulevard de Grenelle,75015,PARIS,France,,48484848484848,47,484848,true,Principale,true,460,,460 boulevard de Grenelle,,,75015,5,,UU,47,,4,5,true,,Non classé,,4747,460 BOULEVARD DE GRENELLE,751150UU0047,15,47047
7510100000048,28/12/2023,29/12/2023,,,true,,48,f8a9b0c1-d2e3-4567-8901-88888vv,Madame,LECOMTE,Chloé,chloe.lecomte@example.com,470 rue de Vaugirard,75015,PARIS,France,,49494949494949,48,494949,true,Secondaire,true,470,,470 rue de Vaugirard,,,75015,2,,VV,48,,2,3,true,05/09/2023,4 étoiles,Paris Calme,4848,470 RUE DE VAUGIRARD,751150VV0048,15,48048
7510100000049,05/01/2024,06/01/2024,,,true,,49,a9b0c1d2-e3f4-5678-9012-99999ww,Monsieur,OLIVIER,Mathis,mathis.olivier@example.com,480 rue de Javel,75015,PARIS,France,,50505050505050,49,505050,true,Principale,true,480,,480 rue de Javel,,,75015,6,,WW,49,,4,5,true,10/09/2023,5 étoiles,,4949,480 RUE DE JAVEL,751150WW0049,15,49049
7510100000050,12/01/2024,13/01/2024,,,true,,50,b0c1d2e3-f4a5-6789-0123-00000xx,Madame,LAMY,Lina,lina.lamy@example.com,490 rue de Lourmel,75015,PARIS,France,,51515151515151,50,515151,true,Secondaire,true,490,,490 rue de Lourmel,,,75015,4,,XX,50,,2,3,true,15/09/2023,3 étoiles,Paris Séjour,5050,490 RUE DE LOURMEL,751150XX0050,15,50050
7510100000051,20/01/2024,21/01/2024,,,true,,51,c1d2e3f4-a5b6-7890-1234-11111yy,Monsieur,AUBERT,Enzo,enzo.aubert@example.com,500 rue de Vaugirard,75015,PARIS,France,,52525252525252,51,525252,true,Principale,true,500,,500 rue de Vaugirard,,,75015,7,,YY,51,,4,5,true,,Non classé,,5151,500 RUE DE VAUGIRARD,751150YY0051,15,51051
7510100000052,28/01/2024,29/01/2024,,,true,,52,d2e3f4a5-b6c7-8901-2345-22222zz,Madame,REMY,Eva,eva.remy@example.com,510 rue de la Croix Nivert,75015,PARIS,France,,53535353535353,52,535353,true,Secondaire,true,510,,510 rue de la Croix Nivert,,,75015,3,,ZZ,52,,2,3,true,20/09/2023,4 étoiles,Paris Prestige,5252,510 RUE DE LA CROIX NIVERT,751150ZZ0052,15,52052
7510100000053,05/02/2024,06/02/2024,,,true,,53,e3f4a5b6-c7d8-9012-3456-33333aaa,Monsieur,ROLLAND,Maxence,maxence.rolland@example.com,520 rue de Vaugirard,75015,PARIS,France,,54545454545454,53,545454,true,Principale,true,520,,520 rue de Vaugirard,,,75015,5,,AAA,53,,4,5,true,25/09/2023,5 étoiles,,5353,520 RUE DE VAUGIRARD,751150AA0053,15,53053
7510100000054,12/02/2024,13/02/2024,,,true,,54,f4a5b6c7-d8e9-0123-4567-44444bbb,Madame,LEGRAND,Sofia,sofia.legrand@example.com,530 rue Lecourbe,75015,PARIS,France,,55555555555555,54,555555,true,Secondaire,true,530,,530 rue Lecourbe,,,75015,2,,BBB,54,,2,3,true,30/09/2023,3 étoiles,Paris Harmonie,5454,530 RUE LECOURBE,751150BB0054,15,54054
7510100000055,20/02/2024,21/02/2024,,,true,,55,a5b6c7d8-e9f0-1234-5678-55555ccc,Monsieur,BLANCHARD,Tom,tom.blanchard@example.com,540 boulevard de Grenelle,75015,PARIS,France,,56565656565656,55,565656,true,Principale,true,540,,540 boulevard de Grenelle,,,75015,6,,CCC,55,,4,5,true,,Non classé,,5555,540 BOULEVARD DE GRENELLE,751150CC0055,15,55055
7510100000056,28/02/2024,29/02/2024,,,true,,56,b6c7d8e9-f0a1-2345-6789-66666ddd,Madame,CLEMENT,Clémence,clemence.clement@example.com,550 rue de Vaugirard,75015,PARIS,France,,57575757575757,56,575757,true,Secondaire,true,550,,550 rue de Vaugirard,,,75015,4,,DDD,56,,2,3,true,05/10/2023,4 étoiles,Paris Sérénité,5656,550 RUE DE VAUGIRARD,751150DD0056,15,56056
7510100000057,05/03/2024,06/03/2024,,,true,,57,c7d8e9f0-a1b2-3456-7890-77777eee,Monsieur,ARNAUD,Leo,leo.arnaud@example.com,560 rue de Javel,75015,PARIS,France,,58585858585858,57,585858,true,Principale,true,560,,560 rue de Javel,,,75015,7,,EEE,57,,4,5,true,10/10/2023,5 étoiles,,5757,560 RUE DE JAVEL,751150EE0057,15,57057
7510100000058,12/03/2024,13/03/2024,,,true,,58,d8e9f0a1-b2c3-4567-8901-88888fff,Madame,GUERIN,Lina,lina.guerin@example.com,570 rue de Lourmel,75015,PARIS,France,,59595959595959,58,595959,true,Secondaire,true,570,,570 rue de Lourmel,,,75015,3,,FFF,58,,2,3,true,15/10/2023,3 étoiles,Paris Bonheur,5858,570 RUE DE LOURMEL,751150FF0058,15,58058
7510100000059,20/03/2024,21/03/2024,,,true,,59,e9f0a1b2-c3d4-5678-9012-99999ggg,Monsieur,ROBIN,Mathis,mathis.robin@example.com,580 rue de Vaugirard,75015,PARIS,France,,60606060606060,59,606060,true,Principale,true,580,,580 rue de Vaugirard,,,75015,5,,GGG,59,,4,5,true,,Non classé,,5959,580 RUE DE VAUGIRARD,751150GG0059,15,59059
7510100000060,28/03/2024,29/03/2024,,,true,,60,f0a1b2c3-d4e5-6789-0123-00000hhh,Madame,MEYER,Eva,eva.meyer@example.com,590 rue de la Croix Nivert,75015,PARIS,France,,61616161616161,60,616161,true,Secondaire,true,590,,590 rue de la Croix Nivert,,,75015,2,,HHH,60,,2,3,true,20/10/2023,4 étoiles,Paris Délice,6060,590 RUE DE LA CROIX NIVERT,751150HHH0060,15,60060
7510100000061,05/04/2024,06/04/2024,,,true,,61,a1b2c3d4-e5f6-7890-1234-11111iii,Monsieur,BENARD,Maxence,maxence.benard@example.com,600 rue de Vaugirard,75015,PARIS,France,,62626262626262,61,626262,true,Principale,true,600,,600 rue de Vaugirard,,,75015,6,,III,61,,4,5,true,25/10/2023,5 étoiles,,6161,600 RUE DE VAUGIRARD,751150III0061,15,61061
7510100000062,12/04/2024,13/04/2024,,,true,,62,b2c3d4e5-f6a7-8901-2345-22222jjj,Madame,RODRIGUES,Sarah,sarah.rodrigues@example.com,610 rue de la Convention,75015,PARIS,France,,63636363636363,62,636363,true,Secondaire,true,610,,610 rue de la Convention,,,75015,4,,JJJ,62,,2,3,true,30/10/2023,3 étoiles,Paris Rêve,6262,610 RUE DE LA CONVENTION,751150JJJ0062,15,62062
7510100000063,20/04/2024,21/04/2024,,,true,,63,c3d4e5f6-a7b8-9012-3456-33333kkk,Monsieur,THOMAS,Hugo,hugo.thomas@example.com,620 rue de Vaugirard,75015,PARIS,France,,64646464646464,63,646464,true,Principale,true,620,,620 rue de Vaugirard,,,75015,7,,KKK,63,,4,5,true,,Non classé,,6363,620 RUE DE VAUGIRARD,751150KKK0063,15,63063
7510100000064,28/04/2024,29/04/2024,,,true,,64,d4e5f6a7-b8c9-0123-4567-44444lll,Madame,DUPONT,Sofia,sofia.dupont@example.com,630 rue de la Croix Nivert,75015,PARIS,France,,65656565656565,64,656565,true,Secondaire,true,630,,630 rue de la Croix Nivert,,,75015,3,,LLL,64,,2,3,true,05/11/2023,4 étoiles,Paris Élégance,6464,630 RUE DE LA CROIX NIVERT,751150LLL0064,15,64064
7510100000065,05/05/2024,06/05/2024,,,true,,65,e5f6a7b8-c9d0-1234-5678-55555mmm,Monsieur,BERNARD,Lucas,lucas.bernard@example.com,640 rue de Vaugirard,75015,PARIS,France,,66666666666666,65,666666,true,Principale,true,640,,640 rue de Vaugirard,,,75015,5,,MMM,65,,4,5,true,10/11/2023,5 étoiles,,6565,640 RUE DE VAUGIRARD,751150MMM0065,15,65065
7510100000066,12/05/2024,13/05/2024,,,true,,66,f6a7b8c9-d0e1-2345-6789-66666nnn,Madame,LUCAS,Anna,anna.lucas@example.com,650 rue Lecourbe,75015,PARIS,France,,67676767676767,66,676767,true,Secondaire,true,650,,650 rue Lecourbe,,,75015,2,,NNN,66,,2,3,true,15/11/2023,3 étoiles,Paris Charmeur,6666,650 RUE LECOURBE,751150NNN0066,15,66066
7510100000067,20/05/2024,21/05/2024,,,true,,67,a7b8c9d0-e1f2-3456-7890-77777ooo,Monsieur,MOREAU,Tom,tom.moreau@example.com,660 boulevard de Grenelle,75015,PARIS,France,,68686868686868,67,686868,true,Principale,true,660,,660 boulevard de Grenelle,,,75015,6,,OOO,67,,4,5,true,,Non classé,,6767,660 BOULEVARD DE GRENELLE,751150OOO0067,15,67067
7510100000068,28/05/2024,29/05/2024,,,true,,68,b8c9d0e1-f2a3-4567-8901-88888ppp,Madame,JEAN,Chloé,chloe.jean@example.com,670 rue de Vaugirard,75015,PARIS,France,,69696969696969,68,696969,true,Secondaire,true,670,,670 rue de Vaugirard,,,75015,4,,PPP,68,,2,3,true,20/11/2023,4 étoiles,Paris Douceur,6868,670 RUE DE VAUGIRARD,751150PPP0068,15,68068
7510100000069,05/06/2024,06/06/2024,,,true,,69,c9d0e1f2-a3b4-5678-9012-99999qqq,Monsieur,LEROY,Mathis,mathis.leroy@example.com,680 rue de Javel,75015,PARIS,France,,70707070707070,69,707070,true,Principale,true,680,,680 rue de Javel,,,75015,7,,QQQ,69,,4,5,true,25/11/2023,5 étoiles,,6969,680 RUE DE JAVEL,751150QQQ0069,15,69069
7510100000070,12/06/2024,13/06/2024,,,true,,70,d0e1f2a3-b4c5-6789-0123-00000rrr,Madame,BARBIER,Lina,lina.barbier@example.com,690 rue de Lourmel,75015,PARIS,France,,71717171717171,70,717171,true,Secondaire,true,690,,690 rue de Lourmel,,,75015,3,,RRR,70,,2,3,true,30/11/2023,3 étoiles,Paris Zen,7070,690 RUE DE LOURMEL,751150RRR0070,15,70070
7510100000071,20/06/2024,21/06/2024,,,true,,71,e1f2a3b4-c5d6-7890-1234-11111sss,Monsieur,PELTIER,Enzo,enzo.peltier@example.com,700 rue de Vaugirard,75015,PARIS,France,,72727272727272,71,727272,true,Principale,true,700,,700 rue de Vaugirard,,,75015,5,,SSS,71,,4,5,true,,Non classé,,7171,700 RUE DE VAUGIRARD,751150SSS0071,15,71071
7510100000072,28/06/2024,29/06/2024,,,true,,72,f2a3b4c5-d6e7-8901-2345-22222ttt,Madame,ROUSSEL,Eva,eva.roussel@example.com,710 rue de la Croix Nivert,75015,PARIS,France,,73737373737373,72,737373,true,Secondaire,true,710,,710 rue de la Croix Nivert,,,75015,2,,TTT,72,,2,3,true,05/12/2023,4 étoiles,Paris Confort,7272,710 RUE DE LA CROIX NIVERT,751150TTT0072,15,72072
7510100000073,05/07/2024,06/07/2024,,,true,,73,a3b4c5d6-e7f8-9012-3456-33333uuu,Monsieur,LE GALL,Maxence,maxence.legall@example.com,720 rue de Vaugirard,75015,PARIS,France,,74747474747474,73,747474,true,Principale,true,720,,720 rue de Vaugirard,,,75015,6,,UUU,73,,4,5,true,10/12/2023,5 étoiles,,7373,720 RUE DE VAUGIRARD,751150UUU0073,15,73073
7510100000074,12/07/2024,13/07/2024,,,true,,74,b4c5d6e7-f8a9-0123-4567-44444vvv,Madame,GILLET,Sofia,sofia.gillet@example.com,730 rue Lecourbe,75015,PARIS,France,,75757575757575,74,757575,true,Secondaire,true,730,,730 rue Lecourbe,,,75015,4,,VVV,74,,2,3,true,15/12/2023,3 étoiles,Paris Plaisir,7474,730 RUE LECOURBE,751150VVV0074,15,74074
7510100000075,20/07/2024,21/07/2024,,,true,,75,c5d6e7f8-a9b0-1234-5678-55555www,Monsieur,BERGER,Tom,tom.berger@example.com,740 boulevard de Grenelle,75015,PARIS,France,,76767676767676,75,767676,true,Principale,true,740,,740 boulevard de Grenelle,,,75015,7,,WWW,75,,4,5,true,,Non classé,,7575,740 BOULEVARD DE GRENELLE,751150WWW0075,15,75075
7510100000076,28/07/2024,29/07/2024,,,true,,76,d6e7f8a9-b0c1-2345-6789-66666xxx,Madame,LEMAIRE,Clémence,clemence.lemaire@example.com,750 rue de Vaugirard,75015,PARIS,France,,77777777777777,76,777777,true,Secondaire,true,750,,750 rue de Vaugirard,,,75015,3,,XXX,76,,2,3,true,20/12/2023,4 étoiles,Paris Régal,7676,750 RUE DE VAUGIRARD,751150XXX0076,15,76076
7510100000077,05/08/2024,06/08/2024,,,true,,77,e7f8a9b0-c1d2-3456-7890-77777yyy,Monsieur,MERCIER,Leo,leo.mercier@example.com,760 rue de Javel,75015,PARIS,France,,78787878787878,77,787878,true,Principale,true,760,,760 rue de Javel,,,75015,5,,YYY,77,,4,5,true,25/12/2023,5 étoiles,,7777,760 RUE DE JAVEL,751150YYY0077,15,77077
7510100000078,12/08/2024,13/08/2024,,,true,,78,f8a9b0c1-d2e3-4567-8901-88888zzz,Madame,DUPIN,Lina,lina.dupin@example.com,770 rue de Lourmel,75015,PARIS,France,,79797979797979,78,797979,true,Secondaire,true,770,,770 rue de Lourmel,,,75015,2,,ZZZ,78,,2,3,true,30/12/2023,3 étoiles,Paris Délice,7878,770 RUE DE LOURMEL,751150ZZZ0078,15,78078
7510100000079,20/08/2024,21/08/2024,,,true,,79,a9b0c1d2-e3f4-5678-9012-99999aaaaa,Monsieur,CHEVALIER,Mathis,mathis.chevalier@example.com,780 rue de Vaugirard,75015,PARIS,France,,80808080808080,79,808080,true,Principale,true,780,,780 rue de Vaugirard,,,75015,6,,AAAA,79,,4,5,true,,Non classé,,7979,780 RUE DE VAUGIRARD,751150AAAA0079,15,79079
7510100000080,28/08/2024,29/08/2024,,,true,,80,b0c1d2e3-f4a5-6789-0123-00000bbbbb,Madame,VINCENT,Eva,eva.vincent@example.com,790 rue de la Croix Nivert,75015,PARIS,France,,81818181818181,80,818181,true,Secondaire,true,790,,790 rue de la Croix Nivert,,,75015,4,,BBBB,80,,2,3,true,05/01/2024,4 étoiles,Paris Doux,8080,790 RUE DE LA CROIX NIVERT,751150BBBB0080,15,80080
7510100000081,05/09/2024,06/09/2024,,,true,,81,c1d2e3f4-a5b6-7890-1234-11111ccccc,Monsieur,GAILLARD,Maxence,maxence.gaillard@example.com,800 rue de Vaugirard,75015,PARIS,France,,82828282828282,81,828282,true,Principale,true,800,,800 rue de Vaugirard,,,75015,7,,CCCC,81,,4,5,true,10/01/2024,5 étoiles,,8181,800 RUE DE VAUGIRARD,751150CCCC0081,15,81081
7510100000082,12/09/2024,13/09/2024,,,true,,82,d2e3f4a5-b6c7-8901-2345-22222ddddd,Madame,GUILLAUME,Sarah,sarah.guillaume@example.com,810 rue Lecourbe,75015,PARIS,France,,83838383838383,82,838383,true,Secondaire,true,810,,810 rue Lecourbe,,,75015,3,,DDDD,82,,2,3,true,15/01/2024,3 étoiles,Paris Calme,8282,810 RUE LECOURBE,751150DDDD0082,15,82082
7510100000083,20/09/2024,21/09/2024,,,true,,83,e3f4a5b6-c7d8-9012-3456-33333eeeee,Monsieur,LECLERC,Tom,tom.leclerc@example.com,820 boulevard de Grenelle,75015,PARIS,France,,84848484848484,83,848484,true,Principale,true,820,,820 boulevard de Grenelle,,,75015,5,,EEEE,83,,4,5,true,,Non classé,,8383,820 BOULEVARD DE GRENELLE,751150EEEE0083,15,83083
7510100000084,28/09/2024,29/09/2024,,,true,,84,f4a5b6c7-d8e9-0123-4567-44444fffff,Madame,CARPENTIER,Clémence,clemence.carpentier@example.com,830 rue de Vaugirard,75015,PARIS,France,,85858585858585,84,858585,true,Secondaire,true,830,,830 rue de Vaugirard,,,75015,2,,FFFF,84,,2,3,true,20/01/2024,4 étoiles,Paris Joie,8484,830 RUE DE VAUGIRARD,751150FFFF0084,15,84084
7510100000085,05/10/2024,06/10/2024,,,true,,85,a5b6c7d8-e9f0-1234-5678-55555ggggg,Monsieur,PHILIPPE,Leo,leo.philippe@example.com,840 rue de Javel,75015,PARIS,France,,86868686868686,85,868686,true,Principale,true,840,,840 rue de Javel,,,75015,6,,GGGG,85,,4,5,true,25/01/2024,5 étoiles,,8585,840 RUE DE JAVEL,751150GGGG0085,15,85085
7510100000086,12/10/2024,13/10/2024,,,true,,86,b6c7d8e9-f0a1-2345-6789-66666hhhhh,Madame,PERRIER,Lina,lina.perrier@example.com,850 rue de Lourmel,75015,PARIS,France,,87878787878787,86,878787,true,Secondaire,true,850,,850 rue de Lourmel,,,75015,4,,HHHH,86,,2,3,true,30/01/2024,3 étoiles,Paris Détente,8686,850 RUE DE LOURMEL,751150HHHH0086,15,86086
7510100000087,20/10/2024,21/10/2024,,,true,,87,c7d8e9f0-a1b2-3456-7890-77777iiiii,Monsieur,GUILLOU,Mathis,mathis.guillou@example.com,860 rue de Vaugirard,75015,PARIS,France,,88888888888888,87,888888,true,Principale,true,860,,860 rue de Vaugirard,,,75015,7,,IIII,87,,4,5,true,,Non classé,,8787,860 RUE DE VAUGIRARD,751150IIII0087,15,87087
7510100000088,28/10/2024,29/10/2024,,,true,,88,d8e9f0a1-b2c3-4567-8901-88888jjjjj,Madame,LAMBERT,Eva,eva.lambert@example.com,870 rue de la Croix Nivert,75015,PARIS,France,,89898989898989,88,898989,true,Secondaire,true,870,,870 rue de la Croix Nivert,,,75015,3,,JJJJ,88,,2,3,true,05/02/2024,4 étoiles,Paris Séjour,8888,870 RUE DE LA CROIX NIVERT,751150JJJJ0088,15,88088
7510100000089,05/11/2024,06/11/2024,,,true,,89,e9f0a1b2-c3d4-5678-9012-99999kkkkk,Monsieur,LE Roux,Maxence,maxence.leroux@example.com,880 rue de Vaugirard,75015,PARIS,France,,90909090909090,89,909090,true,Principale,true,880,,880 rue de Vaugirard,,,75015,5,,KKKK,89,,4,5,true,10/02/2024,5 étoiles,,8989,880 RUE DE VAUGIRARD,751150KKKK0089,15,89089
7510100000090,12/11/2024,13/11/2024,,,true,,90,f0a1b2c3-d4e5-6789-0123-00000lllll,Madame,DAVID,Sofia,sofia.david@example.com,890 rue Lecourbe,75015,PARIS,France,,91919191919191,90,919191,true,Secondaire,true,890,,890 rue Lecourbe,,,75015,2,,LLLL,90,,2,3,true,15/02/2024,3 étoiles,Paris Prestige,9090,890 RUE LECOURBE,751150LLLL0090,15,90090
7510100000091,20/11/2024,21/11/2024,,,true,,91,a1b2c3d4-e5f6-7890-1234-11111mmmmm,Monsieur,MICHEL,Tom,tom.michel@example.com,900 boulevard de Grenelle,75015,PARIS,France,,92929292929292,91,929292,true,Principale,true,900,,900 boulevard de Grenelle,,,75015,6,,MMMM,91,,4,5,true,,Non classé,,9191,900 BOULEVARD DE GRENELLE,751150MMMM0091,15,91091
7510100000092,28/11/2024,29/11/2024,,,true,,92,b2c3d4e5-f6a7-8901-2345-22222nnnnn,Madame,FONTAINE,Clémence,clemence.fontaine@example.com,910 rue de Vaugirard,75015,PARIS,France,,93939393939393,92,939393,true,Secondaire,true,910,,910 rue de Vaugirard,,,75015,4,,NNNN,92,,2,3,true,20/02/2024,4 étoiles,Paris Harmonie,9292,910 RUE DE VAUGIRARD,751150NNNN0092,15,92092
7510100000093,05/12/2024,06/12/2024,,,true,,93,c3d4e5f6-a7b8-9012-3456-33333ooooo,Monsieur,JACQUES,Leo,leo.jacques@example.com,920 rue de Javel,75015,PARIS,France,,94949494949494,93,949494,true,Principale,true,920,,920 rue de Javel,,,75015,7,,OOOO,93,,4,5,true,25/02/2024,5 étoiles,,9393,920 RUE DE JAVEL,751150OOOO0093,15,93093
7510100000094,12/12/2024,13/12/2024,,,true,,94,d4e5f6a7-b8c9-0123-4567-44444ppppp,Madame,LEROY,Lina,lina.leroy@example.com,930 rue de Lourmel,75015,PARIS,France,,95959595959595,94,959595,true,Secondaire,true,930,,930 rue de Lourmel,,,75015,3,,PPPP,94,,2,3,true,28/02/2024,3 étoiles,Paris Sérénité,9494,930 RUE DE LOURMEL,751150PPPP0094,15,94094
7510100000095,20/12/2024,21/12/2024,,,true,,95,e5f6a7b8-c9d0-1234-5678-55555qqqqq,Monsieur,COLIN,Mathis,mathis.colin@example.com,940 rue de Vaugirard,75015,PARIS,France,,96969696969696,95,969696,true,Principale,true,940,,940 rue de Vaugirard,,,75015,5,,QQQQ,95,,4,5,true,,Non classé,,9595,940 RUE DE VAUGIRARD,751150QQQQ0095,15,95095
7510100000096,28/12/2024,29/12/2024,,,true,,96,f6a7b8c9-d0e1-2345-6789-66666rrrrr,Madame,DUFOUR,Eva,eva.dufour@example.com,950 rue de la Croix Nivert,75015,PARIS,France,,97979797979797,96,979797,true,Secondaire,true,950,,950 rue de la Croix Nivert,,,75015,2,,RRRR,96,,2,3,true,05/03/2024,4 étoiles,Paris Bonheur,9696,950 RUE DE LA CROIX NIVERT,751150RRRR0096,15,96096
7510100000097,05/01/2025,06/01/2025,,,true,,97,a7b8c9d0-e1f2-3456-7890-77777sssss,Monsieur,GERMAIN,Maxence,maxence.germain@example.com,960 rue de Vaugirard,75015,PARIS,France,,98989898989898,97,989898,true,Principale,true,960,,960 rue de Vaugirard,,,75015,6,,SSSS,97,,4,5,true,10/03/2024,5 étoiles,,9797,960 RUE DE VAUGIRARD,751150SSSS0097,15,97097
7510100000098,12/01/2025,13/01/2025,,,true,,98,b8c9d0e1-f2a3-4567-8901-88888ttttt,Madame,ROBIN,Sarah,sarah.robin@example.com,970 rue Lecourbe,75015,PARIS,France,,99999999999999,98,999999,true,Secondaire,true,970,,970 rue Lecourbe,,,75015,4,,TTTT,98,,2,3,true,15/03/2024,3 étoiles,Paris Rêve,9898,970 RUE LECOURBE,751150TTTT0098,15,98098
7510100000099,20/01/2025,21/01/2025,,,true,,99,c9d0e1f2-a3b4-5678-9012-99999uuuuu,Monsieur,LOUIS,Tom,tom.louis@example.com,980 boulevard de Grenelle,75015,PARIS,France,,100000000000000,99,100000,true,Principale,true,980,,980 boulevard de Grenelle,,,75015,7,,UUUU,99,,4,5,true,,Non classé,,9999,980 BOULEVARD DE GRENELLE,751150UUUU0099,15,99099
7510100000100,28/01/2025,29/01/2025,,,true,,100,d0e1f2a3-b4c5-6789-0123-00000vvvvv,Madame,AUBRY,Clémence,clemence.aubry@example.com,990 rue de Vaugirard,75015,PARIS,France,,101000000000001,100,101001,true,Secondaire,true,990,,990 rue de Vaugirard,,,75015,3,,VVVV,100,,2,3,true,20/03/2024,4 étoiles,Paris Élégance,10000,990 RUE DE VAUGIRARD,751150VVVV0100,15,100000